                                                Local Government Directory,,,,,,,,
,,,,,,,,
All Blocks of TRIPURA State,,,,,,,,
,,,,,,,,
State Code,State Name     (In English),District Code,District Name (In English),Block Code,Block Name   (In English),Village Code, Village Name     ( In English) ,
16,TRIPURA,269,Dhalai,2410,Ambassa,272499,Auliraipara,
16,TRIPURA,269,Dhalai,2410,Ambassa,272492,Bagmara,
16,TRIPURA,269,Dhalai,2410,Ambassa,272491,Balaram,
16,TRIPURA,269,Dhalai,2410,Ambassa,272502,Gurudhanpara,
16,TRIPURA,269,Dhalai,2410,Ambassa,272503,Harimangalpara,
16,TRIPURA,269,Dhalai,2410,Ambassa,272498,Jagannathpur,
16,TRIPURA,269,Dhalai,2410,Ambassa,272495,Kamalachhera,
16,TRIPURA,269,Dhalai,2410,Ambassa,272496,Kanchanpur,
16,TRIPURA,269,Dhalai,2410,Ambassa,272500,Kanthalbari,
16,TRIPURA,269,Dhalai,2410,Ambassa,272494,Kulai,
16,TRIPURA,269,Dhalai,2410,Ambassa,272504,Kulai Reserve Forest,
16,TRIPURA,269,Dhalai,2410,Ambassa,272505,Kulai Reserve Forest Extension,
16,TRIPURA,269,Dhalai,2410,Ambassa,272493,Lalchhari,
16,TRIPURA,269,Dhalai,2410,Ambassa,272489,Paschim Nalichhera,
16,TRIPURA,269,Dhalai,2410,Ambassa,272490,Purba Nalichhera,
16,TRIPURA,269,Dhalai,2410,Ambassa,272497,Raipasa,
16,TRIPURA,269,Dhalai,2410,Ambassa,272501,Sikaribari,
16,TRIPURA,269,Dhalai,2411,Chawmanu,272536,Central Catchment Reserve Forest,
16,TRIPURA,269,Dhalai,2411,Chawmanu,272529,Dakshin Longtarai,
16,TRIPURA,269,Dhalai,2411,Chawmanu,272535,Debchhera,
16,TRIPURA,269,Dhalai,2411,Chawmanu,272526,Durgachhera,
16,TRIPURA,269,Dhalai,2411,Chawmanu,272524,Joychandrapara,
16,TRIPURA,269,Dhalai,2411,Chawmanu,272531,Makarchhera,
16,TRIPURA,269,Dhalai,2411,Chawmanu,272533,Manikpur,
16,TRIPURA,269,Dhalai,2411,Chawmanu,272530,Paschim Chhamanu,
16,TRIPURA,269,Dhalai,2411,Chawmanu,272534,Purba Chhamanu,
16,TRIPURA,269,Dhalai,2411,Chawmanu,272527,Sadhujanpara,
16,TRIPURA,269,Dhalai,2411,Chawmanu,272525,Sonapur,
16,TRIPURA,269,Dhalai,2411,Chawmanu,272528,Uttar Longtarai,
16,TRIPURA,269,Dhalai,2411,Chawmanu,,,
16,TRIPURA,269,Dhalai,2412,Dumburnagar,272538,Barabari,
16,TRIPURA,269,Dhalai,2412,Dumburnagar,272540,Bhagirathpara,
16,TRIPURA,269,Dhalai,2412,Dumburnagar,272553,Birchandranagar,
16,TRIPURA,269,Dhalai,2412,Dumburnagar,272550,Bulangbasa,
16,TRIPURA,269,Dhalai,2412,Dumburnagar,272547,Chitrajhari,
16,TRIPURA,269,Dhalai,2412,Dumburnagar,272543,Dalapatipara,
16,TRIPURA,269,Dhalai,2412,Dumburnagar,272549,Dhalajhari,
16,TRIPURA,269,Dhalai,2412,Dumburnagar,272537,Jagabandhupara,
16,TRIPURA,269,Dhalai,2412,Dumburnagar,272539,Jinaraipara,
16,TRIPURA,269,Dhalai,2412,Dumburnagar,272556,Joyrampur,
16,TRIPURA,269,Dhalai,2412,Dumburnagar,272564,Khedarkut,
16,TRIPURA,269,Dhalai,2412,Dumburnagar,272548,Lakshmipur,
16,TRIPURA,269,Dhalai,2412,Dumburnagar,272542,Malyansing,
16,TRIPURA,269,Dhalai,2412,Dumburnagar,272546,Paschim Gandachhera,
16,TRIPURA,269,Dhalai,2412,Dumburnagar,272554,Paschim Kalyansingh,
16,TRIPURA,269,Dhalai,2412,Dumburnagar,272544,Purba Gandachhera,
16,TRIPURA,269,Dhalai,2412,Dumburnagar,272555,Purba Kalyansing,
16,TRIPURA,269,Dhalai,2412,Dumburnagar,272562,Ramnagar,
16,TRIPURA,269,Dhalai,2412,Dumburnagar,272561,Ranipukur,
16,TRIPURA,269,Dhalai,2412,Dumburnagar,272558,Ratannagar,
16,TRIPURA,269,Dhalai,2412,Dumburnagar,272557,Sardeng,
16,TRIPURA,269,Dhalai,2412,Dumburnagar,272551,Sarma,
16,TRIPURA,269,Dhalai,2412,Dumburnagar,272541,Sipasing,
16,TRIPURA,269,Dhalai,2412,Dumburnagar,272545,Utachhera,
16,TRIPURA,269,Dhalai,2412,Dumburnagar,272552,Uttaraipara,
16,TRIPURA,269,Dhalai,6729,Durgachowmuhani,272439,Bamanchhera,
16,TRIPURA,269,Dhalai,6729,Durgachowmuhani,272426,Barasurma,
16,TRIPURA,269,Dhalai,6729,Durgachowmuhani,272431,Bishnupur,
16,TRIPURA,269,Dhalai,6729,Durgachowmuhani,272437,Chhetrai,
16,TRIPURA,269,Dhalai,6729,Durgachowmuhani,272436,Chotosurma,
16,TRIPURA,269,Dhalai,6729,Durgachowmuhani,272440,Chulubari,
16,TRIPURA,269,Dhalai,6729,Durgachowmuhani,272421,Dakshin Bilaschhera,
16,TRIPURA,269,Dhalai,6729,Durgachowmuhani,272434,Darangtilla,
16,TRIPURA,269,Dhalai,6729,Durgachowmuhani,272447,Debichhera,
16,TRIPURA,269,Dhalai,6729,Durgachowmuhani,272443,Duraichhera,
16,TRIPURA,269,Dhalai,6729,Durgachowmuhani,272423,Ganganagar,
16,TRIPURA,269,Dhalai,6729,Durgachowmuhani,272444,Halhali,
16,TRIPURA,269,Dhalai,6729,Durgachowmuhani,272427,Halhuli,
16,TRIPURA,269,Dhalai,6729,Durgachowmuhani,272429,Harerkhola,
16,TRIPURA,269,Dhalai,6729,Durgachowmuhani,922801,Kalachhari,
16,TRIPURA,269,Dhalai,6729,Durgachowmuhani,272435,Kuchainala,
16,TRIPURA,269,Dhalai,6729,Durgachowmuhani,272432,Lambuchhera,
16,TRIPURA,269,Dhalai,6729,Durgachowmuhani,272438,Longtarai Reserve Forest,
16,TRIPURA,269,Dhalai,6729,Durgachowmuhani,272445,Mahabir,
16,TRIPURA,269,Dhalai,6729,Durgachowmuhani,272441,Manikbhandar,
16,TRIPURA,269,Dhalai,6729,Durgachowmuhani,272425,Marachhera,
16,TRIPURA,269,Dhalai,6729,Durgachowmuhani,272430,Mayachhari,
16,TRIPURA,269,Dhalai,6729,Durgachowmuhani,272433,Methirmia,
16,TRIPURA,269,Dhalai,6729,Durgachowmuhani,272424,Mohanpur,
16,TRIPURA,269,Dhalai,6729,Durgachowmuhani,272422,Noagao,
16,TRIPURA,269,Dhalai,6729,Durgachowmuhani,272428,Panchasi,
16,TRIPURA,269,Dhalai,6729,Durgachowmuhani,272442,Srirampur,
16,TRIPURA,269,Dhalai,6729,Durgachowmuhani,272420,Uttar Bilaschhera,
16,TRIPURA,269,Dhalai,6781,Ganganagar,272510,Baluchhera,
16,TRIPURA,269,Dhalai,6781,Ganganagar,272516,Batabari,
16,TRIPURA,269,Dhalai,6781,Ganganagar,272511,Chakmapara,
16,TRIPURA,269,Dhalai,6781,Ganganagar,272521,Dangamapara,
16,TRIPURA,269,Dhalai,6781,Ganganagar,272515,Ganganagar,
16,TRIPURA,269,Dhalai,6781,Ganganagar,272520,Gangaprasadpara,
16,TRIPURA,269,Dhalai,6781,Ganganagar,272506,Karamapara,
16,TRIPURA,269,Dhalai,6781,Ganganagar,272508,Karnamunipara,
16,TRIPURA,269,Dhalai,6781,Ganganagar,272513,Khamupara,
16,TRIPURA,269,Dhalai,6781,Ganganagar,272514,Khowaipar,
16,TRIPURA,269,Dhalai,6781,Ganganagar,272509,Lalchhera,
16,TRIPURA,269,Dhalai,6781,Ganganagar,272517,Pustaraipara,
16,TRIPURA,269,Dhalai,6781,Ganganagar,272519,Radharambari,
16,TRIPURA,269,Dhalai,6781,Ganganagar,272518,Sardingkhapara,
16,TRIPURA,269,Dhalai,6781,Ganganagar,272522,Satbhaiyapara,
16,TRIPURA,269,Dhalai,6781,Ganganagar,272523,Siddhapara,
16,TRIPURA,269,Dhalai,6781,Ganganagar,272512,Tetaiya,
16,TRIPURA,269,Dhalai,6781,Ganganagar,272507,Ulemchhera,
16,TRIPURA,269,Dhalai,2413,Manu,272484,Chhailengta,
16,TRIPURA,269,Dhalai,2413,Manu,272477,Dakshin Dhumachhera,
16,TRIPURA,269,Dhalai,2413,Manu,272467,Demchhera,
16,TRIPURA,269,Dhalai,2413,Manu,272472,Deo Reserve Forest,
16,TRIPURA,269,Dhalai,2413,Manu,272483,Gaynama,
16,TRIPURA,269,Dhalai,2413,Manu,272485,Ghagrachhera,
16,TRIPURA,269,Dhalai,2413,Manu,272481,Jamirchhera,
16,TRIPURA,269,Dhalai,2413,Manu,272479,Jarulchhera,
16,TRIPURA,269,Dhalai,2413,Manu,272470,Kanchanchhera,
16,TRIPURA,269,Dhalai,2413,Manu,272466,Kanthalchhera,
16,TRIPURA,269,Dhalai,2413,Manu,272468,Karatichhera,
16,TRIPURA,269,Dhalai,2413,Manu,272486,Lalchhera,
16,TRIPURA,269,Dhalai,2413,Manu,272482,Longtarai Reserve Forest,
16,TRIPURA,269,Dhalai,2413,Manu,272488,Manu,
16,TRIPURA,269,Dhalai,2413,Manu,272487,Manu Chhailengta Reserve Forest,
16,TRIPURA,269,Dhalai,2413,Manu,272480,Maynama,
16,TRIPURA,269,Dhalai,2413,Manu,272469,Nalkata,
16,TRIPURA,269,Dhalai,2413,Manu,272474,Paschim Karamchhera,
16,TRIPURA,269,Dhalai,2413,Manu,272475,Paschim Machli,
16,TRIPURA,269,Dhalai,2413,Manu,272473,Purba Karamchhera,
16,TRIPURA,269,Dhalai,2413,Manu,272478,Purba Machli,
16,TRIPURA,269,Dhalai,2413,Manu,272471,Ultachhera,
16,TRIPURA,269,Dhalai,2413,Manu,272476,Uttar Dhumachhera,
16,TRIPURA,269,Dhalai,6780,Raishyabari,272569,Boalkhali,
16,TRIPURA,269,Dhalai,6780,Raishyabari,272571,Jarulchhera,
16,TRIPURA,269,Dhalai,6780,Raishyabari,272566,Kamala Asram,
16,TRIPURA,269,Dhalai,6780,Raishyabari,272565,Kamalakhal,
16,TRIPURA,269,Dhalai,6780,Raishyabari,272573,Paschim Potachhera,
16,TRIPURA,269,Dhalai,6780,Raishyabari,272567,Paschim Raima,
16,TRIPURA,269,Dhalai,6780,Raishyabari,272572,Purba Potachhera,
16,TRIPURA,269,Dhalai,6780,Raishyabari,272568,Purba Raima,
16,TRIPURA,269,Dhalai,6780,Raishyabari,272570,Sukraichhera,
16,TRIPURA,269,Dhalai,6780,Raishyabari,272560,Thakurchhera,
16,TRIPURA,269,Dhalai,6780,Raishyabari,272559,Tuichhama,
16,TRIPURA,269,Dhalai,2414,Salema,272453,Abhangha,
16,TRIPURA,269,Dhalai,2414,Salema,272450,Aparaskar,
16,TRIPURA,269,Dhalai,2414,Salema,272448,Baralutma,
16,TRIPURA,269,Dhalai,2414,Salema,272446,Chankap,
16,TRIPURA,269,Dhalai,2414,Salema,272462,Dabbari,
16,TRIPURA,269,Dhalai,2414,Salema,272454,Jamthumbari,
16,TRIPURA,269,Dhalai,2414,Salema,272463,Kachuchhera,
16,TRIPURA,269,Dhalai,2414,Salema,272452,Katalutma,
16,TRIPURA,269,Dhalai,2414,Salema,272464,Latiachhera,
16,TRIPURA,269,Dhalai,2414,Salema,272457,Maharani,
16,TRIPURA,269,Dhalai,2414,Salema,272458,Mendi,
16,TRIPURA,269,Dhalai,2414,Salema,272456,Michhuria,
16,TRIPURA,269,Dhalai,2414,Salema,272449,Nakful,
16,TRIPURA,269,Dhalai,2414,Salema,272451,Panboa,
16,TRIPURA,269,Dhalai,2414,Salema,272459,Paschim Daluchhera,
16,TRIPURA,269,Dhalai,2414,Salema,272460,Purba Daluchhera,
16,TRIPURA,269,Dhalai,2414,Salema,272461,Salema,
16,TRIPURA,269,Dhalai,2414,Salema,272455,Simbhuchak,
16,TRIPURA,269,Dhalai,,,,,
16,TRIPURA,654,Gomati,2423,Amarpur,272164,Bampur,
16,TRIPURA,654,Gomati,2423,Amarpur,272175,Baramura Debatamura Reserve Forest,
16,TRIPURA,654,Gomati,2423,Amarpur,272342,Baramura Debatamura Reserve Forest,
16,TRIPURA,654,Gomati,2423,Amarpur,272168,Birganj,
16,TRIPURA,654,Gomati,2423,Amarpur,272172,Dalak,
16,TRIPURA,654,Gomati,2423,Amarpur,272165,Debbari,
16,TRIPURA,654,Gomati,2423,Amarpur,272167,Ghungia,
16,TRIPURA,654,Gomati,2423,Amarpur,272177,Kurmachhera,
16,TRIPURA,654,Gomati,2423,Amarpur,272181,Natun bazar,
16,TRIPURA,654,Gomati,2423,Amarpur,272171,Paharpur,
16,TRIPURA,654,Gomati,2423,Amarpur,272178,Paschim Duluma,
16,TRIPURA,654,Gomati,2423,Amarpur,272169,Paschim Malbasa,
16,TRIPURA,654,Gomati,2423,Amarpur,272163,Paschim Sarbang,
16,TRIPURA,654,Gomati,2423,Amarpur,272179,Purba Duluma,
16,TRIPURA,654,Gomati,2423,Amarpur,272563,Purba Kalajhari Reserve Forest,
16,TRIPURA,654,Gomati,2423,Amarpur,272170,Purba Malbasa,
16,TRIPURA,654,Gomati,2423,Amarpur,272162,Purba Sarbang,
16,TRIPURA,654,Gomati,2423,Amarpur,272174,Rajkang,
16,TRIPURA,654,Gomati,2423,Amarpur,272166,Rangamati,
16,TRIPURA,654,Gomati,2423,Amarpur,272173,Rangkang,
16,TRIPURA,654,Gomati,2423,Amarpur,272176,Tairbhuma,
16,TRIPURA,654,Gomati,2423,Amarpur,272180,Uttar Chelagang,
16,TRIPURA,654,Gomati,2423,Amarpur,,,
16,TRIPURA,654,Gomati,2426,Kakraban,272239,Amtali,
16,TRIPURA,654,Gomati,2426,Kakraban,272251,Badurpathar,
16,TRIPURA,654,Gomati,2426,Kakraban,272254,Dhuptali,
16,TRIPURA,654,Gomati,2426,Kakraban,272245,Dudhpushkarini,
16,TRIPURA,654,Gomati,2426,Kakraban,272248,Gangachhera,
16,TRIPURA,654,Gomati,2426,Kakraban,272238,Garjanmura,
16,TRIPURA,654,Gomati,2426,Kakraban,272247,Hurijala,
16,TRIPURA,654,Gomati,2426,Kakraban,272242,Jamjuri,
16,TRIPURA,654,Gomati,2426,Kakraban,272253,Jitendranagar,
16,TRIPURA,654,Gomati,2426,Kakraban,272246,Kakraban,
16,TRIPURA,654,Gomati,2426,Kakraban,272244,Murapara,
16,TRIPURA,654,Gomati,2426,Kakraban,272241,Palatana,
16,TRIPURA,654,Gomati,2426,Kakraban,272243,Rajdharnagar,
16,TRIPURA,654,Gomati,2426,Kakraban,272250,Rani,
16,TRIPURA,654,Gomati,2426,Kakraban,272252,Samukchhera,
16,TRIPURA,654,Gomati,2426,Kakraban,272237,Shilghati,
16,TRIPURA,654,Gomati,2426,Kakraban,272249,Upendranagar,
16,TRIPURA,654,Gomati,2426,Kakraban,,,
16,TRIPURA,654,Gomati,2427,Karbook,272344,Dakshin Chelagang,
16,TRIPURA,654,Gomati,2427,Karbook,272354,Dakshin Ekchhari,
16,TRIPURA,654,Gomati,2427,Karbook,272357,Dakshin Karbook,
16,TRIPURA,654,Gomati,2427,Karbook,272358,Ichhachhari,
16,TRIPURA,654,Gomati,2427,Karbook,272343,Laogang,
16,TRIPURA,654,Gomati,2427,Karbook,272360,Lebachhera,
16,TRIPURA,654,Gomati,2427,Karbook,272349,Mukchhari,
16,TRIPURA,654,Gomati,2427,Karbook,272345,Paschim Ekchhari,
16,TRIPURA,654,Gomati,2427,Karbook,272161,Paschim Kalajhari Reserve Forest,
16,TRIPURA,654,Gomati,2427,Karbook,272355,Paschim Karbook,
16,TRIPURA,654,Gomati,2427,Karbook,272353,Paschim Manikyadewan,
16,TRIPURA,654,Gomati,2427,Karbook,272359,Patichhari,
16,TRIPURA,654,Gomati,2427,Karbook,272356,Purba Karbook,
16,TRIPURA,654,Gomati,2427,Karbook,272352,Purba Manikyadewan,
16,TRIPURA,654,Gomati,2427,Karbook,272347,Rambhadra,
16,TRIPURA,654,Gomati,2427,Karbook,272346,Uttar Ekchhari,
16,TRIPURA,654,Gomati,2427,Karbook,,,
16,TRIPURA,654,Gomati,2428,Killa,272145,Bagma,
16,TRIPURA,654,Gomati,2428,Killa,272151,Chhaimaroa,
16,TRIPURA,654,Gomati,2428,Killa,272153,Chharthai,
16,TRIPURA,654,Gomati,2428,Killa,272156,Dakshin Brajendranagar,
16,TRIPURA,654,Gomati,2428,Killa,272146,Kanchigang Reserve Forest,
16,TRIPURA,654,Gomati,2428,Killa,272203,Khupilong,
16,TRIPURA,654,Gomati,2428,Killa,272154,Killa,
16,TRIPURA,654,Gomati,2428,Killa,272159,Lakshmipati,
16,TRIPURA,654,Gomati,2428,Killa,272157,Purba Brajendranagar,
16,TRIPURA,654,Gomati,2428,Killa,272155,Raiyabari,
16,TRIPURA,654,Gomati,2428,Killa,272150,Uttar Baramura Debtamura Reserve Forest,
16,TRIPURA,654,Gomati,2428,Killa,272152,Uttar Brajendranagar,
16,TRIPURA,654,Gomati,2428,Killa,,,
16,TRIPURA,654,Gomati,2429,Matabari,272231,Baisabari,
16,TRIPURA,654,Gomati,2429,Matabari,272226,Chandrapur Reserve Forest,
16,TRIPURA,654,Gomati,2429,Matabari,272232,Chapia Para,
16,TRIPURA,654,Gomati,2429,Matabari,272160,Dakshin Baramura Debtamura Reserve Forest,
16,TRIPURA,654,Gomati,2429,Matabari,272220,Dakshin Chandrapur,
16,TRIPURA,654,Gomati,2429,Matabari,272227,Dakshin Maharani,
16,TRIPURA,654,Gomati,2429,Matabari,272235,Fulkumari,
16,TRIPURA,654,Gomati,2429,Matabari,272228,Gandhari,
16,TRIPURA,654,Gomati,2429,Matabari,272224,Garjichhera,
16,TRIPURA,654,Gomati,2429,Matabari,272223,Garji Reserve Forest,
16,TRIPURA,654,Gomati,2429,Matabari,272217,Hirapur,
16,TRIPURA,654,Gomati,2429,Matabari,272218,Khilpara,
16,TRIPURA,654,Gomati,2429,Matabari,272159,Lakshmipati,
16,TRIPURA,654,Gomati,2429,Matabari,272236,Matarbari,
16,TRIPURA,654,Gomati,2429,Matabari,272244,Murapara,
16,TRIPURA,654,Gomati,2429,Matabari,272222,Paschim Magpushkarini,
16,TRIPURA,654,Gomati,2429,Matabari,272158,Photamati,
16,TRIPURA,654,Gomati,2429,Matabari,272212,Pitra,
16,TRIPURA,654,Gomati,2429,Matabari,272225,Purba Magpushkarini,
16,TRIPURA,654,Gomati,2429,Matabari,272211,Rajnagar,
16,TRIPURA,654,Gomati,2429,Matabari,272230,Taiharchum,
16,TRIPURA,654,Gomati,2429,Matabari,272219,Uttar Chandrapur,
16,TRIPURA,654,Gomati,2429,Matabari,272216,Uttar Maharani,
16,TRIPURA,654,Gomati,2429,Matabari,,,
16,TRIPURA,654,Gomati,2430,Ompi,272193,Ampichhera,
16,TRIPURA,654,Gomati,2430,Ompi,272191,Ampinagar,
16,TRIPURA,654,Gomati,2430,Ompi,272190,Baisyamanipara,
16,TRIPURA,654,Gomati,2430,Ompi,272197,Chenchua,
16,TRIPURA,654,Gomati,2430,Ompi,272200,Dakshin Chhangang,
16,TRIPURA,654,Gomati,2430,Ompi,272187,Dakshin Taidu,
16,TRIPURA,654,Gomati,2430,Ompi,272189,Dhanlekha,
16,TRIPURA,654,Gomati,2430,Ompi,272198,Ekjanchhera,
16,TRIPURA,654,Gomati,2430,Ompi,272194,Gamaichhera,
16,TRIPURA,654,Gomati,2430,Ompi,272192,Haripur,
16,TRIPURA,654,Gomati,2430,Ompi,272184,Jambukchhera,
16,TRIPURA,654,Gomati,2430,Ompi,272201,Kamlaipara,
16,TRIPURA,654,Gomati,2430,Ompi,272195,Melchhi,
16,TRIPURA,654,Gomati,2430,Ompi,272182,Palkuchhera,
16,TRIPURA,654,Gomati,2430,Ompi,272186,Paschim Taichhlong,
16,TRIPURA,654,Gomati,2430,Ompi,272185,Purba Taichhlong,
16,TRIPURA,654,Gomati,2430,Ompi,272199,Sonachhera,
16,TRIPURA,654,Gomati,2430,Ompi,272188,Taidudhepha,
16,TRIPURA,654,Gomati,2430,Ompi,272196,Uttar Chhangang,
16,TRIPURA,654,Gomati,2430,Ompi,272183,Uttar Taidu,
16,TRIPURA,654,Gomati,6725,Silachari,272387,Bagachatal,
16,TRIPURA,654,Gomati,6725,Silachari,272365,Barabil,
16,TRIPURA,654,Gomati,6725,Silachari,272369,Desharampara,
16,TRIPURA,654,Gomati,6725,Silachari,272368,Gorakapa,
16,TRIPURA,654,Gomati,6725,Silachari,272388,Kaptali,
16,TRIPURA,654,Gomati,6725,Silachari,272366,Silachhari,
16,TRIPURA,654,Gomati,6725,Silachari,272367,Suknachhari,
16,TRIPURA,654,Gomati,6782,Tepania,272239,Amtali,
16,TRIPURA,654,Gomati,6782,Tepania,272206,Bagabasa,
16,TRIPURA,654,Gomati,6782,Tepania,272145,Bagma,
16,TRIPURA,654,Gomati,6782,Tepania,272204,Barabhaiya,
16,TRIPURA,654,Gomati,6782,Tepania,272210,Chhataria,
16,TRIPURA,654,Gomati,6782,Tepania,272233,Dhwajanagar,
16,TRIPURA,654,Gomati,6782,Tepania,272234,Gakulpur,
16,TRIPURA,654,Gomati,6782,Tepania,272238,Garjanmura,
16,TRIPURA,654,Gomati,6782,Tepania,272240,Hadra,
16,TRIPURA,654,Gomati,6782,Tepania,272205,Karaiyamura,
16,TRIPURA,654,Gomati,6782,Tepania,272203,Khupilong,
16,TRIPURA,654,Gomati,6782,Tepania,272207,Radhakishorepur Reserve Forest,
16,TRIPURA,654,Gomati,6782,Tepania,272208,Salgara,
16,TRIPURA,654,Gomati,6782,Tepania,272209,Tepania,
16,TRIPURA,654,Gomati,6782,Tepania,,,
16,TRIPURA,654,Gomati,,,,,
16,TRIPURA,652,Khowai,2440,Kalyanpur,271953,Dakshin Maharani,
16,TRIPURA,652,Khowai,2440,Kalyanpur,271942,Durgapur,
16,TRIPURA,652,Khowai,2440,Kalyanpur,271941,Dwarikapur,
16,TRIPURA,652,Khowai,2440,Kalyanpur,271952,Ghilatali,
16,TRIPURA,652,Khowai,2440,Kalyanpur,271951,Kamalnagar,
16,TRIPURA,652,Khowai,2440,Kalyanpur,271947,Kunjaban,
16,TRIPURA,652,Khowai,2440,Kalyanpur,271949,Madhya Kalyanpur,
16,TRIPURA,652,Khowai,2440,Kalyanpur,271948,Paschim Kalyanpur,
16,TRIPURA,652,Khowai,2440,Kalyanpur,271950,Purba Kalyanpur,
16,TRIPURA,652,Khowai,2440,Kalyanpur,271945,Uttar Ghilatali,
16,TRIPURA,652,Khowai,2440,Kalyanpur,,,
16,TRIPURA,652,Khowai,2442,Khowai,271911,Dhalabil,
16,TRIPURA,652,Khowai,2442,Khowai,271907,Ganki,
16,TRIPURA,652,Khowai,2442,Khowai,271909,Gournagar,
16,TRIPURA,652,Khowai,2442,Khowai,271916,Lakshminarayanpur,
16,TRIPURA,652,Khowai,2442,Khowai,271957,Lakshmipur,
16,TRIPURA,652,Khowai,2442,Khowai,271908,Paharmura,
16,TRIPURA,652,Khowai,2442,Khowai,271905,Paschim Singichhera,
16,TRIPURA,652,Khowai,2442,Khowai,271900,Purba Ramchandraghat,
16,TRIPURA,652,Khowai,2442,Khowai,271906,Purba Singichhera,
16,TRIPURA,652,Khowai,2442,Khowai,271917,Shantinagar,
16,TRIPURA,652,Khowai,2442,Khowai,271913,Sonatala,
16,TRIPURA,652,Khowai,2442,Khowai,271892,Uttar Padmabil,
16,TRIPURA,652,Khowai,2442,Khowai,271912,Uttar Ramchandraghat,
16,TRIPURA,652,Khowai,2442,Khowai,,,
16,TRIPURA,652,Khowai,2446,Mungiakami,271976,Atharamura Reserve Forest,
16,TRIPURA,652,Khowai,2446,Mungiakami,271965,Dakshin Gakulnagar,
16,TRIPURA,652,Khowai,2446,Mungiakami,271970,Karaibari,
16,TRIPURA,652,Khowai,2446,Mungiakami,271957,Lakshmipur,
16,TRIPURA,652,Khowai,2446,Mungiakami,271944,Maharanipur,
16,TRIPURA,652,Khowai,2446,Mungiakami,271980,Nonachhera Reserve Forest,
16,TRIPURA,652,Khowai,2446,Mungiakami,271974,Ramkrishnapur,
16,TRIPURA,652,Khowai,2446,Mungiakami,271971,Sriramkhara,
16,TRIPURA,652,Khowai,2446,Mungiakami,271969,Tuichingrambari,
16,TRIPURA,652,Khowai,2446,Mungiakami,271964,Uttar Gakulnagar,
16,TRIPURA,652,Khowai,2446,Mungiakami,,,
16,TRIPURA,652,Khowai,2447,Padmabil,271899,Akharabari,
16,TRIPURA,652,Khowai,2447,Padmabil,271888,Bagabil,
16,TRIPURA,652,Khowai,2447,Padmabil,271894,Dakshin Padmabil,
16,TRIPURA,652,Khowai,2447,Padmabil,271897,Dakshin Ramchandraghat,
16,TRIPURA,652,Khowai,2447,Padmabil,271893,Gayamanibari,
16,TRIPURA,652,Khowai,2447,Padmabil,271887,Khengrabari,
16,TRIPURA,652,Khowai,2447,Padmabil,271904,Paglabari,
16,TRIPURA,652,Khowai,2447,Padmabil,271890,Paschim Belchhera,
16,TRIPURA,652,Khowai,2447,Padmabil,271891,Purba Belchhera,
16,TRIPURA,652,Khowai,2447,Padmabil,271903,Ramdayalbari,
16,TRIPURA,652,Khowai,2447,Padmabil,271889,Ratanpur,
16,TRIPURA,652,Khowai,2447,Padmabil,271898,Tuihachingbari,
16,TRIPURA,652,Khowai,2447,Padmabil,271892,Uttar Padmabil,
16,TRIPURA,652,Khowai,2447,Padmabil,271912,Uttar Ramchandraghat,
16,TRIPURA,652,Khowai,2447,Padmabil,,,
16,TRIPURA,652,Khowai,2448,Teliamura,271963,Brahmachhera,
16,TRIPURA,652,Khowai,2448,Teliamura,271958,Dakshin Pulinpur,
16,TRIPURA,652,Khowai,2448,Teliamura,271960,Hawaibari,
16,TRIPURA,652,Khowai,2448,Teliamura,271954,Krishnapur,
16,TRIPURA,652,Khowai,2448,Teliamura,271957,Lakshmipur,
16,TRIPURA,652,Khowai,2448,Teliamura,271955,Moharchhera,
16,TRIPURA,652,Khowai,2448,Teliamura,271961,Sardu Karkari,
16,TRIPURA,652,Khowai,2448,Teliamura,271966,Teliamura,
16,TRIPURA,652,Khowai,2448,Teliamura,271962,Teliamura Reserve Forest,
16,TRIPURA,652,Khowai,2448,Teliamura,271959,Tuichindrai,
16,TRIPURA,652,Khowai,2448,Teliamura,271956,Uttar Pulinpur,
16,TRIPURA,652,Khowai,2449,Tulashikhar,271920,Asharambari,
16,TRIPURA,652,Khowai,2449,Tulashikhar,271937,Badlabari,
16,TRIPURA,652,Khowai,2449,Tulashikhar,271919,Banbazar,
16,TRIPURA,652,Khowai,2449,Tulashikhar,271918,Chamubasti,
16,TRIPURA,652,Khowai,2449,Tulashikhar,271915,Chebri,
16,TRIPURA,652,Khowai,2449,Tulashikhar,271940,Dakshin Pramodnagar,
16,TRIPURA,652,Khowai,2449,Tulashikhar,271932,Maidanbari,
16,TRIPURA,652,Khowai,2449,Tulashikhar,271938,Mainakbari,
16,TRIPURA,652,Khowai,2449,Tulashikhar,271927,Paschim Bachaibari,
16,TRIPURA,652,Khowai,2449,Tulashikhar,271929,Paschim Champachhera,
16,TRIPURA,652,Khowai,2449,Tulashikhar,271921,Paschim Karangichhera,
16,TRIPURA,652,Khowai,2449,Tulashikhar,271926,Paschim Lakshmichhera,
16,TRIPURA,652,Khowai,2449,Tulashikhar,271935,Paschim Rajnagar,
16,TRIPURA,652,Khowai,2449,Tulashikhar,271928,Purba Bachaibari,
16,TRIPURA,652,Khowai,2449,Tulashikhar,271930,Purba Champachhera,
16,TRIPURA,652,Khowai,2449,Tulashikhar,271922,Purba Karangichhera,
16,TRIPURA,652,Khowai,2449,Tulashikhar,271925,Purba Lakshmichhera,
16,TRIPURA,652,Khowai,2449,Tulashikhar,271934,Purba Rajnagar,
16,TRIPURA,652,Khowai,2449,Tulashikhar,271906,Purba Singichhera,
16,TRIPURA,652,Khowai,2449,Tulashikhar,271933,Ramkrishnabari,
16,TRIPURA,652,Khowai,2449,Tulashikhar,271924,Remachhera,
16,TRIPURA,652,Khowai,2449,Tulashikhar,271917,Shantinagar,
16,TRIPURA,652,Khowai,2449,Tulashikhar,271931,Shikaribari,
16,TRIPURA,652,Khowai,2449,Tulashikhar,271923,Sukhiabari,
16,TRIPURA,652,Khowai,2449,Tulashikhar,271967,Uttar Pramodnagar,
16,TRIPURA,652,Khowai,2449,Tulashikhar,271939,Yajnakabrabari,
16,TRIPURA,652,Khowai,2449,Tulashikhar,,,
16,TRIPURA,652,Khowai,,,,,
16,TRIPURA,270,North Tripura,2415,Damcherra,272658,Bangsul,
16,TRIPURA,270,North Tripura,2415,Damcherra,272662,Damchhera,
16,TRIPURA,270,North Tripura,2415,Damcherra,272665,Damchhera Reserve Forest,
16,TRIPURA,270,North Tripura,2415,Damcherra,272657,Juri Reserve Forest,
16,TRIPURA,270,North Tripura,2415,Damcherra,272664,Kacharichhera,
16,TRIPURA,270,North Tripura,2415,Damcherra,272666,Khedachhera,
16,TRIPURA,270,North Tripura,2415,Damcherra,272663,Narendranagar,
16,TRIPURA,270,North Tripura,2415,Damcherra,272659,Pipalachhera,
16,TRIPURA,270,North Tripura,2415,Damcherra,272660,Rahumchhera,
16,TRIPURA,270,North Tripura,2415,Damcherra,,,
16,TRIPURA,270,North Tripura,2416,Dasda,272728,Central Catchment Reserve Forest,
16,TRIPURA,270,North Tripura,2416,Dasda,272718,Dasda Lakshmipur,
16,TRIPURA,270,North Tripura,2416,Dasda,272720,Dashmanipara,
16,TRIPURA,270,North Tripura,2416,Dasda,272727,Gachirampara,
16,TRIPURA,270,North Tripura,2416,Dasda,272723,Kalapani,
16,TRIPURA,270,North Tripura,2416,Dasda,272719,Kamarmara,
16,TRIPURA,270,North Tripura,2416,Dasda,272731,Kanchanpur,
16,TRIPURA,270,North Tripura,2416,Dasda,272724,Lambachhera,
16,TRIPURA,270,North Tripura,2416,Dasda,272716,Manu Chailengta Reserve Forest,
16,TRIPURA,270,North Tripura,2416,Dasda,272725,Ramprasaipara,
16,TRIPURA,270,North Tripura,2416,Dasda,272717,Satnala,
16,TRIPURA,270,North Tripura,2416,Dasda,272722,Sunitipur,
16,TRIPURA,270,North Tripura,2416,Dasda,272721,Taiyangpara,
16,TRIPURA,270,North Tripura,2416,Dasda,272726,Tuichhama,
16,TRIPURA,270,North Tripura,2418,Jampui Hills,272738,Banglabari,
16,TRIPURA,270,North Tripura,2418,Jampui Hills,272737,Belianchief,
16,TRIPURA,270,North Tripura,2418,Jampui Hills,272743,Central Catchment Reserve Forest,
16,TRIPURA,270,North Tripura,2418,Jampui Hills,272710,Jayantipara,
16,TRIPURA,270,North Tripura,2418,Jampui Hills,272735,Kalagang,
16,TRIPURA,270,North Tripura,2418,Jampui Hills,272732,Paschim Manpui,
16,TRIPURA,270,North Tripura,2418,Jampui Hills,272729,Paschim Tlangsangbari,
16,TRIPURA,270,North Tripura,2418,Jampui Hills,272733,Purba Manpui,
16,TRIPURA,270,North Tripura,2418,Jampui Hills,272742,Sabual,
16,TRIPURA,270,North Tripura,2418,Jampui Hills,272741,Sailu,
16,TRIPURA,270,North Tripura,2418,Jampui Hills,272740,Simblong,
16,TRIPURA,270,North Tripura,2418,Jampui Hills,272734,Tlaksi,
16,TRIPURA,270,North Tripura,2418,Jampui Hills,272736,Vangmun,
16,TRIPURA,270,North Tripura,2418,Jampui Hills,,,
16,TRIPURA,270,North Tripura,6727,Jubarajnagar,272639,Bagbasa,
16,TRIPURA,270,North Tripura,6727,Jubarajnagar,272633,Balidhum,
16,TRIPURA,270,North Tripura,6727,Jubarajnagar,272655,Dewanpassa,
16,TRIPURA,270,North Tripura,6727,Jubarajnagar,272636,Dhupirband,
16,TRIPURA,270,North Tripura,6727,Jubarajnagar,272638,Ganganagar,
16,TRIPURA,270,North Tripura,6727,Jubarajnagar,272642,Jubarajnagar,
16,TRIPURA,270,North Tripura,6727,Jubarajnagar,272637,Kameswar,
16,TRIPURA,270,North Tripura,6727,Jubarajnagar,272634,Paschim Halflong,
16,TRIPURA,270,North Tripura,6727,Jubarajnagar,272645,Paschim Tilthai,
16,TRIPURA,270,North Tripura,6727,Jubarajnagar,272643,Purba Halflong,
16,TRIPURA,270,North Tripura,6727,Jubarajnagar,272646,Purba Tilthai,
16,TRIPURA,270,North Tripura,6727,Jubarajnagar,272635,Radhapur,
16,TRIPURA,270,North Tripura,6727,Jubarajnagar,923596,Rajnagar,
16,TRIPURA,270,North Tripura,6727,Jubarajnagar,272641,Uptakhali,
16,TRIPURA,270,North Tripura,6727,Jubarajnagar,,,
16,TRIPURA,270,North Tripura,2419,Kadamtala,272624,Bishnupur,
16,TRIPURA,270,North Tripura,2419,Kadamtala,272615,Brajendranagar,
16,TRIPURA,270,North Tripura,2419,Kadamtala,272622,Churaibari,
16,TRIPURA,270,North Tripura,2419,Kadamtala,272621,Kadamtala,
16,TRIPURA,270,North Tripura,2419,Kadamtala,272617,Kurti,
16,TRIPURA,270,North Tripura,2419,Kadamtala,272619,Maheshpur,
16,TRIPURA,270,North Tripura,2419,Kadamtala,272616,Piarachhera,
16,TRIPURA,270,North Tripura,2419,Kadamtala,272614,Ranibari,
16,TRIPURA,270,North Tripura,2419,Kadamtala,272618,Sarala,
16,TRIPURA,270,North Tripura,2419,Kadamtala,272620,Saraspur,
16,TRIPURA,270,North Tripura,2419,Kadamtala,272613,Satsangam,
16,TRIPURA,270,North Tripura,6783,Kalacherra,272626,Baruakandi,
16,TRIPURA,270,North Tripura,6783,Kalacherra,272627,Bhagyapur,
16,TRIPURA,270,North Tripura,6783,Kalacherra,272632,Chandpur,
16,TRIPURA,270,North Tripura,6783,Kalacherra,272628,Hurua,
16,TRIPURA,270,North Tripura,6783,Kalacherra,272623,Icchailalchhera,
16,TRIPURA,270,North Tripura,6783,Kalacherra,272631,Lakshminagar,
16,TRIPURA,270,North Tripura,6783,Kalacherra,272630,Pratyekrai,
16,TRIPURA,270,North Tripura,6783,Kalacherra,272625,Ragna,
16,TRIPURA,270,North Tripura,6783,Kalacherra,272629,Sanichhera,
16,TRIPURA,270,North Tripura,6784,Laljuri,272715,Chandipur,
16,TRIPURA,270,North Tripura,6784,Laljuri,272711,Jamaraipara,
16,TRIPURA,270,North Tripura,6784,Laljuri,272714,Kanchanchhera,
16,TRIPURA,270,North Tripura,6784,Laljuri,272709,Laljuri,
16,TRIPURA,270,North Tripura,6784,Laljuri,272684,Rabiraipara,
16,TRIPURA,270,North Tripura,6784,Laljuri,272712,Shantipur,
16,TRIPURA,270,North Tripura,6784,Laljuri,272713,Shibnagar,
16,TRIPURA,270,North Tripura,6784,Laljuri,272708,Ujjan Machhmara Reserve Forest,
16,TRIPURA,270,North Tripura,2421,Panisagar,272650,Bilthai,
16,TRIPURA,270,North Tripura,2421,Panisagar,272653,Dakshin Padmabill,
16,TRIPURA,270,North Tripura,2421,Panisagar,272647,Deochhera,
16,TRIPURA,270,North Tripura,2421,Panisagar,272654,Indurail,
16,TRIPURA,270,North Tripura,2421,Panisagar,272652,Jalebassa,
16,TRIPURA,270,North Tripura,2421,Panisagar,272656,Panisagar,
16,TRIPURA,270,North Tripura,2421,Panisagar,272651,Pekuchhera,
16,TRIPURA,270,North Tripura,2421,Panisagar,272648,Ramnagar,
16,TRIPURA,270,North Tripura,2421,Panisagar,272649,Rowa,
16,TRIPURA,270,North Tripura,2421,Panisagar,272640,Uttar Padmabill,
16,TRIPURA,270,North Tripura,2421,Panisagar,,,
16,TRIPURA,270,North Tripura,,,,,
16,TRIPURA,653,Sepahijala,2434,Bishalgarh,272056,Bishalgarh,
16,TRIPURA,653,Sepahijala,2434,Bishalgarh,272057,Dakshin Champamura,
16,TRIPURA,653,Sepahijala,2434,Bishalgarh,272048,Debipur,
16,TRIPURA,653,Sepahijala,2434,Bishalgarh,272065,Gajaria,
16,TRIPURA,653,Sepahijala,2434,Bishalgarh,272081,Gakulnagar,
16,TRIPURA,653,Sepahijala,2434,Bishalgarh,272055,Ghaniamara,
16,TRIPURA,653,Sepahijala,2434,Bishalgarh,272060,Golaghati,
16,TRIPURA,653,Sepahijala,2434,Bishalgarh,272059,Gopinagar,
16,TRIPURA,653,Sepahijala,2434,Bishalgarh,272052,Kaiyadhepa,
16,TRIPURA,653,Sepahijala,2434,Bishalgarh,272047,Kamalasagar,
16,TRIPURA,653,Sepahijala,2434,Bishalgarh,272050,Konaban,
16,TRIPURA,653,Sepahijala,2434,Bishalgarh,272064,Krishna Kishore Nagar,
16,TRIPURA,653,Sepahijala,2434,Bishalgarh,272058,Lakshmibil,
16,TRIPURA,653,Sepahijala,2434,Bishalgarh,272051,Madhupur,
16,TRIPURA,653,Sepahijala,2434,Bishalgarh,272029,Mohanpur,
16,TRIPURA,653,Sepahijala,2434,Bishalgarh,272053,Nehal Chandra Nagar,
16,TRIPURA,653,Sepahijala,2434,Bishalgarh,272054,Purathal Rajnagar,
16,TRIPURA,653,Sepahijala,2434,Bishalgarh,272049,Radhanagar,
16,TRIPURA,653,Sepahijala,2434,Bishalgarh,,,
16,TRIPURA,653,Sepahijala,2435,Boxanagar,272092,Anandapur,
16,TRIPURA,653,Sepahijala,2435,Boxanagar,272109,Aralia,
16,TRIPURA,653,Sepahijala,2435,Boxanagar,272085,Ashabari,
16,TRIPURA,653,Sepahijala,2435,Boxanagar,272084,Bheluarchar,
16,TRIPURA,653,Sepahijala,2435,Boxanagar,272094,Bijaynagar,
16,TRIPURA,653,Sepahijala,2435,Boxanagar,272086,Boxanagar,
16,TRIPURA,653,Sepahijala,2435,Boxanagar,272095,Dhanirampur,
16,TRIPURA,653,Sepahijala,2435,Boxanagar,272089,Ghilatali,
16,TRIPURA,653,Sepahijala,2435,Boxanagar,272090,Jagatrampur,
16,TRIPURA,653,Sepahijala,2435,Boxanagar,272091,Kalamchaura,
16,TRIPURA,653,Sepahijala,2435,Boxanagar,272087,Kalsimura,
16,TRIPURA,653,Sepahijala,2435,Boxanagar,272093,Kamalnagar,
16,TRIPURA,653,Sepahijala,2435,Boxanagar,272097,Kulubari,
16,TRIPURA,653,Sepahijala,2435,Boxanagar,272088,Manikyanagar,
16,TRIPURA,653,Sepahijala,2435,Boxanagar,272096,Matinagar,
16,TRIPURA,653,Sepahijala,2435,Boxanagar,272110,Nabadwipchandranagar,
16,TRIPURA,653,Sepahijala,2435,Boxanagar,272083,Putia,
16,TRIPURA,653,Sepahijala,2435,Boxanagar,272082,Rahimpur,
16,TRIPURA,653,Sepahijala,2435,Boxanagar,922872,Sonamura,
16,TRIPURA,653,Sepahijala,6786,Charilam,272075,Amtali,
16,TRIPURA,653,Sepahijala,6786,Charilam,272066,Bangshibari,
16,TRIPURA,653,Sepahijala,6786,Charilam,272076,Barjala,
16,TRIPURA,653,Sepahijala,6786,Charilam,272073,Bashtali,
16,TRIPURA,653,Sepahijala,6786,Charilam,272063,Brajapur,
16,TRIPURA,653,Sepahijala,6786,Charilam,272072,Dakshin Charilam,
16,TRIPURA,653,Sepahijala,6786,Charilam,272069,Dhariathal,
16,TRIPURA,653,Sepahijala,6786,Charilam,272065,Gajaria,
16,TRIPURA,653,Sepahijala,6786,Charilam,272074,Padmanagar,
16,TRIPURA,653,Sepahijala,6786,Charilam,272070,Ramnagar,
16,TRIPURA,653,Sepahijala,6786,Charilam,272067,Rangapania,
16,TRIPURA,653,Sepahijala,6786,Charilam,272071,Rangmala,
16,TRIPURA,653,Sepahijala,6786,Charilam,272068,Sutarmura,
16,TRIPURA,653,Sepahijala,6786,Charilam,272062,Uttar Charilam,
16,TRIPURA,653,Sepahijala,2438,Jampuijala,272045,Amarendranagar,
16,TRIPURA,653,Sepahijala,2438,Jampuijala,272032,Bamnichhera,
16,TRIPURA,653,Sepahijala,2438,Jampuijala,272037,Barmabari,
16,TRIPURA,653,Sepahijala,2438,Jampuijala,923606,Chhoygharia,
16,TRIPURA,653,Sepahijala,2438,Jampuijala,935113,Dayaram Para,
16,TRIPURA,653,Sepahijala,2438,Jampuijala,272044,Hirapur,
16,TRIPURA,653,Sepahijala,2438,Jampuijala,272040,Jampuijala,
16,TRIPURA,653,Sepahijala,2438,Jampuijala,272039,Kalaibari,
16,TRIPURA,653,Sepahijala,2438,Jampuijala,272041,Kandraichhera,
16,TRIPURA,653,Sepahijala,2438,Jampuijala,272038,Killabari,
16,TRIPURA,653,Sepahijala,2438,Jampuijala,272061,Latiachhera,
16,TRIPURA,653,Sepahijala,2438,Jampuijala,272043,Madhya Ghaniamara,
16,TRIPURA,653,Sepahijala,2438,Jampuijala,272079,Madhya Pathalia,
16,TRIPURA,653,Sepahijala,2438,Jampuijala,272029,Mohanpur,
16,TRIPURA,653,Sepahijala,2438,Jampuijala,272034,Paschim Takarjala,
16,TRIPURA,653,Sepahijala,2438,Jampuijala,272078,Pathaliaghat,
16,TRIPURA,653,Sepahijala,2438,Jampuijala,272030,Pekuarjala,
16,TRIPURA,653,Sepahijala,2438,Jampuijala,272077,Pramodnagar,
16,TRIPURA,653,Sepahijala,2438,Jampuijala,272028,Pravapur,
16,TRIPURA,653,Sepahijala,2438,Jampuijala,272035,Purba Takarjala,
16,TRIPURA,653,Sepahijala,2438,Jampuijala,272031,Ratnapur,
16,TRIPURA,653,Sepahijala,2438,Jampuijala,272036,Sangkumabari,
16,TRIPURA,653,Sepahijala,2438,Jampuijala,272033,Shyamnagar,
16,TRIPURA,653,Sepahijala,2438,Jampuijala,923605,Thelakum,
16,TRIPURA,653,Sepahijala,2438,Jampuijala,272042,Ujan Ghaniamara,
16,TRIPURA,653,Sepahijala,2438,Jampuijala,272046,Ujan Pathalia,
16,TRIPURA,653,Sepahijala,2438,Jampuijala,,,
16,TRIPURA,653,Sepahijala,2441,Kathalia,272144,Bejimara,
16,TRIPURA,653,Sepahijala,2441,Kathalia,272143,Bhabanipur,
16,TRIPURA,653,Sepahijala,2441,Kathalia,272132,Birampur,
16,TRIPURA,653,Sepahijala,2441,Kathalia,272137,Birendranagar,
16,TRIPURA,653,Sepahijala,2441,Kathalia,272130,Dhanpur,
16,TRIPURA,653,Sepahijala,2441,Kathalia,272142,Durlabhpur,
16,TRIPURA,653,Sepahijala,2441,Kathalia,272139,Himmatpur,
16,TRIPURA,653,Sepahijala,2441,Kathalia,272136,Jagatrampur,
16,TRIPURA,653,Sepahijala,2441,Kathalia,272128,Kalapania,
16,TRIPURA,653,Sepahijala,2441,Kathalia,272140,Kalikrishnanagar,
16,TRIPURA,653,Sepahijala,2441,Kathalia,272135,Kanthalia,
16,TRIPURA,653,Sepahijala,2441,Kathalia,272134,Mahespur,
16,TRIPURA,653,Sepahijala,2441,Kathalia,272138,Manaipathar,
16,TRIPURA,653,Sepahijala,2441,Kathalia,272129,Manarchak,
16,TRIPURA,653,Sepahijala,2441,Kathalia,272141,Nidaya,
16,TRIPURA,653,Sepahijala,2441,Kathalia,272133,Nirbhaypur,
16,TRIPURA,653,Sepahijala,2441,Kathalia,272131,Paharpur,
16,TRIPURA,653,Sepahijala,2441,Kathalia,272127,Sobhapur,
16,TRIPURA,653,Sepahijala,6787,Mohanbhog,272119,Barpathar,
16,TRIPURA,653,Sepahijala,6787,Mohanbhog,272126,Chandigarh,
16,TRIPURA,653,Sepahijala,6787,Mohanbhog,272117,Chandul,
16,TRIPURA,653,Sepahijala,6787,Mohanbhog,272124,Dakshin Taibandal,
16,TRIPURA,653,Sepahijala,6787,Mohanbhog,272125,Gamaichhera,
16,TRIPURA,653,Sepahijala,6787,Mohanbhog,272112,Ghrantali,
16,TRIPURA,653,Sepahijala,6787,Mohanbhog,272121,Jharjharia,
16,TRIPURA,653,Sepahijala,6787,Mohanbhog,272116,Kamrangatali,
16,TRIPURA,653,Sepahijala,6787,Mohanbhog,272122,Khedarbari,
16,TRIPURA,653,Sepahijala,6787,Mohanbhog,272115,Mohanbhog,
16,TRIPURA,653,Sepahijala,6787,Mohanbhog,272118,Telkajala,
16,TRIPURA,653,Sepahijala,6787,Mohanbhog,272120,Urmai,
16,TRIPURA,653,Sepahijala,6787,Mohanbhog,272123,Uttar Taibandal,
16,TRIPURA,653,Sepahijala,2444,Nalchar,272102,Bagabasa,
16,TRIPURA,653,Sepahijala,2444,Nalchar,272107,Bardowal,
16,TRIPURA,653,Sepahijala,2444,Nalchar,272099,Chowmuhani,
16,TRIPURA,653,Sepahijala,2444,Nalchar,272106,Durlabh Narayan,
16,TRIPURA,653,Sepahijala,2444,Nalchar,272105,Khas Chowmuhani,
16,TRIPURA,653,Sepahijala,2444,Nalchar,272108,Khedabari,
16,TRIPURA,653,Sepahijala,2444,Nalchar,272113,Melaghar,
16,TRIPURA,653,Sepahijala,2444,Nalchar,272100,Paschim Jumerdhepa,
16,TRIPURA,653,Sepahijala,2444,Nalchar,272104,Paschim Nalchar,
16,TRIPURA,653,Sepahijala,2444,Nalchar,272101,Purba Jumerdhepa,
16,TRIPURA,653,Sepahijala,2444,Nalchar,272103,Purba Nalchar,
16,TRIPURA,653,Sepahijala,2444,Nalchar,272114,Rudijala,
16,TRIPURA,653,Sepahijala,2444,Nalchar,272098,Taksapara,
16,TRIPURA,653,Sepahijala,,,,,
16,TRIPURA,271,South Tripura,6789,Bharat Chandra Nagar,272279,Chittamara,
16,TRIPURA,271,South Tripura,6789,Bharat Chandra Nagar,272283,Dakshin Bharatchandranagar,
16,TRIPURA,271,South Tripura,6789,Bharat Chandra Nagar,272282,Ishanchandranagar,
16,TRIPURA,271,South Tripura,6789,Bharat Chandra Nagar,272285,Kalabaria,
16,TRIPURA,271,South Tripura,6789,Bharat Chandra Nagar,272277,Kashari Reserve Forest,
16,TRIPURA,271,South Tripura,6789,Bharat Chandra Nagar,272281,Lakshmipur,
16,TRIPURA,271,South Tripura,6789,Bharat Chandra Nagar,272284,Madhya Bharatchandranagar,
16,TRIPURA,271,South Tripura,6789,Bharat Chandra Nagar,272278,Paikhola,
16,TRIPURA,271,South Tripura,6789,Bharat Chandra Nagar,272276,Purba Peporiakhola,
16,TRIPURA,271,South Tripura,6789,Bharat Chandra Nagar,272280,Uttar Bharatchandranagar,
16,TRIPURA,271,South Tripura,2424,Bokafa,272314,Bagafa,
16,TRIPURA,271,South Tripura,2424,Bokafa,272309,Birchandranagar,
16,TRIPURA,271,South Tripura,2424,Bokafa,272317,Chhaigharia,
16,TRIPURA,271,South Tripura,2424,Bokafa,272305,Dakshin Takmachhera,
16,TRIPURA,271,South Tripura,2424,Bokafa,272316,Gardang,
16,TRIPURA,271,South Tripura,2424,Bokafa,272320,Kalalaugang,
16,TRIPURA,271,South Tripura,2424,Bokafa,272322,Lakshmichhera,
16,TRIPURA,271,South Tripura,2424,Bokafa,272318,Laugang,
16,TRIPURA,271,South Tripura,2424,Bokafa,272313,Paschim Kathalia,
16,TRIPURA,271,South Tripura,2424,Bokafa,272312,Paschim Manu,
16,TRIPURA,271,South Tripura,2424,Bokafa,272310,Paschim Patichhari,
16,TRIPURA,271,South Tripura,2424,Bokafa,272307,Purba Kathalia,
16,TRIPURA,271,South Tripura,2424,Bokafa,272308,Purba Manu,
16,TRIPURA,271,South Tripura,2424,Bokafa,272303,Purba Patichhari,
16,TRIPURA,271,South Tripura,2424,Bokafa,272319,Radhakishoreganj,
16,TRIPURA,271,South Tripura,2424,Bokafa,272321,Raibari,
16,TRIPURA,271,South Tripura,2424,Bokafa,272311,Rajapur,
16,TRIPURA,271,South Tripura,2424,Bokafa,272315,Santirbazar,
16,TRIPURA,271,South Tripura,2424,Bokafa,272306,Uttar Debipur,
16,TRIPURA,271,South Tripura,2424,Bokafa,272304,Uttar Takmachhera,
16,TRIPURA,271,South Tripura,2425,Hrishyamukh,272301,Abhoynagar,
16,TRIPURA,271,South Tripura,2425,Hrishyamukh,272294,Baspadua,
16,TRIPURA,271,South Tripura,2425,Hrishyamukh,272296,Champaknagar,
16,TRIPURA,271,South Tripura,2425,Hrishyamukh,272293,Dakshin Sonaichhari,
16,TRIPURA,271,South Tripura,2425,Hrishyamukh,272297,Debipur,
16,TRIPURA,271,South Tripura,2425,Hrishyamukh,272299,Haripur,
16,TRIPURA,271,South Tripura,2425,Hrishyamukh,272298,Hrishyamukh,
16,TRIPURA,271,South Tripura,2425,Hrishyamukh,272300,Krishnanagar,
16,TRIPURA,271,South Tripura,2425,Hrishyamukh,272290,Manirampur,
16,TRIPURA,271,South Tripura,2425,Hrishyamukh,272295,Matai,
16,TRIPURA,271,South Tripura,2425,Hrishyamukh,272288,Ratanpur,
16,TRIPURA,271,South Tripura,2425,Hrishyamukh,272286,Sharasima,
16,TRIPURA,271,South Tripura,2425,Hrishyamukh,272291,Shibpur,
16,TRIPURA,271,South Tripura,2425,Hrishyamukh,272302,Tekka Reserve Forest,
16,TRIPURA,271,South Tripura,2425,Hrishyamukh,272289,Tekkatulsi Reserve Forest,
16,TRIPURA,271,South Tripura,2425,Hrishyamukh,272292,Tuigamari,
16,TRIPURA,271,South Tripura,2425,Hrishyamukh,272287,Uttar Sonaichhari,
16,TRIPURA,271,South Tripura,6723,Jolaibari,272338,Abhangachhera,
16,TRIPURA,271,South Tripura,6723,Jolaibari,272323,Baikora,
16,TRIPURA,271,South Tripura,6723,Jolaibari,272341,Baramura Debtamura Reserve Forest,
16,TRIPURA,271,South Tripura,6723,Jolaibari,272330,Birendranagar,
16,TRIPURA,271,South Tripura,6723,Jolaibari,272329,Dakshin Barpatiroy,
16,TRIPURA,271,South Tripura,6723,Jolaibari,272336,Dakshin Hichhachhera,
16,TRIPURA,271,South Tripura,6723,Jolaibari,272332,Jolaibari,
16,TRIPURA,271,South Tripura,6723,Jolaibari,272327,Kalasi,
16,TRIPURA,271,South Tripura,6723,Jolaibari,272337,Madhya Pilak,
16,TRIPURA,271,South Tripura,6723,Jolaibari,272326,Muhuripur Reserve Forest,
16,TRIPURA,271,South Tripura,6723,Jolaibari,272324,Paschim Charakbai,
16,TRIPURA,271,South Tripura,6723,Jolaibari,272334,Paschim Muhuripur,
16,TRIPURA,271,South Tripura,6723,Jolaibari,272335,Paschim Pilak,
16,TRIPURA,271,South Tripura,6723,Jolaibari,272325,Purba Charakbai,
16,TRIPURA,271,South Tripura,6723,Jolaibari,272333,Purba Muhuripur,
16,TRIPURA,271,South Tripura,6723,Jolaibari,272339,Purba Pilak,
16,TRIPURA,271,South Tripura,6723,Jolaibari,272340,Tairumachhera,
16,TRIPURA,271,South Tripura,6723,Jolaibari,272328,Uttar Barpatiroy,
16,TRIPURA,271,South Tripura,6723,Jolaibari,272331,Uttar Hichhachhera,
16,TRIPURA,271,South Tripura,6788,Poangbari,272412,Amlighat,
16,TRIPURA,271,South Tripura,6788,Poangbari,272410,Krishnanagar,
16,TRIPURA,271,South Tripura,6788,Poangbari,272408,Madhabnagar,
16,TRIPURA,271,South Tripura,6788,Poangbari,272409,Rajnagar,
16,TRIPURA,271,South Tripura,6788,Poangbari,272411,Srinagar,
16,TRIPURA,271,South Tripura,6788,Poangbari,272407,Tekkatulsi Reserve Forest,
16,TRIPURA,271,South Tripura,2431,Rajnagar,272264,Baraiya,
16,TRIPURA,271,South Tripura,2431,Rajnagar,272274,Barapathari,
16,TRIPURA,271,South Tripura,2431,Rajnagar,272269,Bardosh,
16,TRIPURA,271,South Tripura,2431,Rajnagar,272262,Bhairabnagar,
16,TRIPURA,271,South Tripura,2431,Rajnagar,272258,Dakshin Krishnapur,
16,TRIPURA,271,South Tripura,2431,Rajnagar,272265,Dakshin Srirampur,
16,TRIPURA,271,South Tripura,2431,Rajnagar,272273,Jaichandrapur,
16,TRIPURA,271,South Tripura,2431,Rajnagar,272267,Kamalpur,
16,TRIPURA,271,South Tripura,2431,Rajnagar,272260,Paschim Anandapur,
16,TRIPURA,271,South Tripura,2431,Rajnagar,272275,Paschim Peporiakhola,
16,TRIPURA,271,South Tripura,2431,Rajnagar,272270,Prakashnagar,
16,TRIPURA,271,South Tripura,2431,Rajnagar,272268,Purba Anandapur,
16,TRIPURA,271,South Tripura,2431,Rajnagar,272259,Radhanagar,
16,TRIPURA,271,South Tripura,2431,Rajnagar,272272,Rajnagar,
16,TRIPURA,271,South Tripura,2431,Rajnagar,272256,Rangamura,
16,TRIPURA,271,South Tripura,2431,Rajnagar,272261,Siddhinagar,
16,TRIPURA,271,South Tripura,2431,Rajnagar,272263,Tebaria,
16,TRIPURA,271,South Tripura,2431,Rajnagar,272271,Trishna Reserve Forest,
16,TRIPURA,271,South Tripura,2431,Rajnagar,272257,Uttar Krishnapur,
16,TRIPURA,271,South Tripura,2431,Rajnagar,272266,Uttar Srirampur,
16,TRIPURA,271,South Tripura,2432,Rupaichari,272382,Aliamara,
16,TRIPURA,271,South Tripura,2432,Rupaichari,272363,Bagmara,
16,TRIPURA,271,South Tripura,2432,Rupaichari,272383,Baishnabpur,
16,TRIPURA,271,South Tripura,2432,Rupaichari,272370,Bishnupur,
16,TRIPURA,271,South Tripura,2432,Rupaichari,272361,Chalita Bangkul,
16,TRIPURA,271,South Tripura,2432,Rupaichari,272378,Chhatakchhari,
16,TRIPURA,271,South Tripura,2432,Rupaichari,272381,Dakshin Bijoypur,
16,TRIPURA,271,South Tripura,2432,Rupaichari,272373,Dakshin Manubangkul,
16,TRIPURA,271,South Tripura,2432,Rupaichari,272384,Dakshin Sabrum,
16,TRIPURA,271,South Tripura,2432,Rupaichari,272375,Gaurifa,
16,TRIPURA,271,South Tripura,2432,Rupaichari,272374,Kanthalchhari,
16,TRIPURA,271,South Tripura,2432,Rupaichari,272389,Magrum,
16,TRIPURA,271,South Tripura,2432,Rupaichari,272379,Paschim Ludhua,
16,TRIPURA,271,South Tripura,2432,Rupaichari,272380,Purba Ludhua,
16,TRIPURA,271,South Tripura,2432,Rupaichari,272385,Purba Sabrum,
16,TRIPURA,271,South Tripura,2432,Rupaichari,272386,Rajdharpur,
16,TRIPURA,271,South Tripura,2432,Rupaichari,272376,Rupaichhari,
16,TRIPURA,271,South Tripura,2432,Rupaichari,272377,Sonaichhari,
16,TRIPURA,271,South Tripura,2432,Rupaichari,272371,Uttar Bijoypur,
16,TRIPURA,271,South Tripura,2432,Rupaichari,272372,Uttar Manubangkul,
16,TRIPURA,271,South Tripura,2432,Rupaichari,272362,Uttar Taichhama,
16,TRIPURA,271,South Tripura,2432,Rupaichari,,,
16,TRIPURA,271,South Tripura,2433,Satchand,272406,Betaga Reserve Forest,
16,TRIPURA,271,South Tripura,2433,Satchand,272398,Bhuratali,
16,TRIPURA,271,South Tripura,2433,Satchand,272415,Bijoynagar,
16,TRIPURA,271,South Tripura,2433,Satchand,272414,Brajendranagar,
16,TRIPURA,271,South Tripura,2433,Satchand,272404,Chalitachhera,
16,TRIPURA,271,South Tripura,2433,Satchand,272397,Dakshin Kalapania,
16,TRIPURA,271,South Tripura,2433,Satchand,272394,Dakshin Taichhama,
16,TRIPURA,271,South Tripura,2433,Satchand,272416,Dolbari,
16,TRIPURA,271,South Tripura,2433,Satchand,272390,Gaganchandrapara,
16,TRIPURA,271,South Tripura,2433,Satchand,272391,Gardang,
16,TRIPURA,271,South Tripura,2433,Satchand,272403,Guachand,
16,TRIPURA,271,South Tripura,2433,Satchand,272413,Harbatali,
16,TRIPURA,271,South Tripura,2433,Satchand,272405,Harina,
16,TRIPURA,271,South Tripura,2433,Satchand,272402,Magurchhera,
16,TRIPURA,271,South Tripura,2433,Satchand,272401,Manubazar,
16,TRIPURA,271,South Tripura,2433,Satchand,272417,Paschim Jalefa,
16,TRIPURA,271,South Tripura,2433,Satchand,272419,Paschim Sabrum,
16,TRIPURA,271,South Tripura,2433,Satchand,272399,Phulchhari,
16,TRIPURA,271,South Tripura,2433,Satchand,272418,Purba Jalefa,
16,TRIPURA,271,South Tripura,2433,Satchand,272392,Sakbari,
16,TRIPURA,271,South Tripura,2433,Satchand,272396,Sindukpathar,
16,TRIPURA,271,South Tripura,2433,Satchand,272393,Taikumbachhera,
16,TRIPURA,271,South Tripura,2433,Satchand,272407,Tekkatulsi Reserve Forest,
16,TRIPURA,271,South Tripura,2433,Satchand,272395,Uttar Kalapania,
16,TRIPURA,271,South Tripura,2433,Satchand,,,
16,TRIPURA,271,South Tripura,,,,,
16,TRIPURA,655,Unakoti,6785,Chandipur,272606,Bilashpur,
16,TRIPURA,655,Unakoti,6785,Chandipur,272605,Birchandranagar,
16,TRIPURA,655,Unakoti,6785,Chandipur,272594,Chandipur,
16,TRIPURA,655,Unakoti,6785,Chandipur,272592,Chhantail,
16,TRIPURA,655,Unakoti,6785,Chandipur,272602,Dhanbilas,
16,TRIPURA,655,Unakoti,6785,Chandipur,272600,Golakpur,
16,TRIPURA,655,Unakoti,6785,Chandipur,272599,Halaichhera,
16,TRIPURA,655,Unakoti,6785,Chandipur,272604,Jarultali,
16,TRIPURA,655,Unakoti,6785,Chandipur,272597,Manuvalley,
16,TRIPURA,655,Unakoti,6785,Chandipur,272596,Murtichhera,
16,TRIPURA,655,Unakoti,6785,Chandipur,272603,Phultali,
16,TRIPURA,655,Unakoti,6785,Chandipur,272598,Rangrung,
16,TRIPURA,655,Unakoti,6785,Chandipur,272595,Samrurpar,
16,TRIPURA,655,Unakoti,6785,Chandipur,272593,Srirampur,
16,TRIPURA,655,Unakoti,2417,Gournagar,272608,Bhagabannagar,
16,TRIPURA,655,Unakoti,2417,Gournagar,272587,Debasthal,
16,TRIPURA,655,Unakoti,2417,Gournagar,272586,Deorachhera,
16,TRIPURA,655,Unakoti,2417,Gournagar,272579,Dhaliarkandi,
16,TRIPURA,655,Unakoti,2417,Gournagar,272611,Dhatuchhera,
16,TRIPURA,655,Unakoti,2417,Gournagar,272589,Goldharpur,
16,TRIPURA,655,Unakoti,2417,Gournagar,272590,Gournagar,
16,TRIPURA,655,Unakoti,2417,Gournagar,272578,Hirachhera,
16,TRIPURA,655,Unakoti,2417,Gournagar,272585,Ichhabpur,
16,TRIPURA,655,Unakoti,2417,Gournagar,272577,Irani,
16,TRIPURA,655,Unakoti,2417,Gournagar,272610,Jalai,
16,TRIPURA,655,Unakoti,2417,Gournagar,272583,Jubarajnagar,
16,TRIPURA,655,Unakoti,2417,Gournagar,272591,Kamrangabari,
16,TRIPURA,655,Unakoti,2417,Gournagar,272582,Kanakpur,
16,TRIPURA,655,Unakoti,2417,Gournagar,272607,Kaulikura,
16,TRIPURA,655,Unakoti,2417,Gournagar,272576,Khaurabil,
16,TRIPURA,655,Unakoti,2417,Gournagar,272581,Lakshmipur,
16,TRIPURA,655,Unakoti,2417,Gournagar,272574,Latiapur,
16,TRIPURA,655,Unakoti,2417,Gournagar,272588,Pakhirbada,
16,TRIPURA,655,Unakoti,2417,Gournagar,272575,Rangauti,
16,TRIPURA,655,Unakoti,2417,Gournagar,272609,Sonamukhi,
16,TRIPURA,655,Unakoti,2417,Gournagar,272584,Srinathpur,
16,TRIPURA,655,Unakoti,2417,Gournagar,272580,Tilagaon,
16,TRIPURA,655,Unakoti,2417,Gournagar,272612,Uttar Unakoti Reserve Forest,
16,TRIPURA,655,Unakoti,2420,Kumarghat,272703,Betchhera,
16,TRIPURA,655,Unakoti,2420,Kumarghat,272690,Dakshin Unakoti Reserve Forest,
16,TRIPURA,655,Unakoti,2420,Kumarghat,272698,Dengdung,
16,TRIPURA,655,Unakoti,2420,Kumarghat,272706,Deo Reserve Forest,
16,TRIPURA,655,Unakoti,2420,Kumarghat,272702,Dudhpur,
16,TRIPURA,655,Unakoti,2420,Kumarghat,272707,Fatikroy,
16,TRIPURA,655,Unakoti,2420,Kumarghat,272694,Ganganagar,
16,TRIPURA,655,Unakoti,2420,Kumarghat,272693,Gokulnagar,
16,TRIPURA,655,Unakoti,2420,Kumarghat,272688,Jagannathpur,
16,TRIPURA,655,Unakoti,2420,Kumarghat,272687,Krishnanagar,
16,TRIPURA,655,Unakoti,2420,Kumarghat,272692,Kumarghat,
16,TRIPURA,655,Unakoti,2420,Kumarghat,272699,Laljuri,
16,TRIPURA,655,Unakoti,2420,Kumarghat,272701,Masauli,
16,TRIPURA,655,Unakoti,2420,Kumarghat,272689,Natingchhera,
16,TRIPURA,655,Unakoti,2420,Kumarghat,272705,Pabiachhera,
16,TRIPURA,655,Unakoti,2420,Kumarghat,272700,Paschim Kanchanbari,
16,TRIPURA,655,Unakoti,2420,Kumarghat,272696,Paschim Ratachhera,
16,TRIPURA,655,Unakoti,2420,Kumarghat,272704,Purba Kanchanbari,
16,TRIPURA,655,Unakoti,2420,Kumarghat,272695,Purba Ratachhera,
16,TRIPURA,655,Unakoti,2420,Kumarghat,272686,Radhanagar,
16,TRIPURA,655,Unakoti,2420,Kumarghat,272685,Rajkandi,
16,TRIPURA,655,Unakoti,2420,Kumarghat,272601,Samru Hala Reserve Forest,
16,TRIPURA,655,Unakoti,2420,Kumarghat,272697,Saydachhera,
16,TRIPURA,655,Unakoti,2420,Kumarghat,272691,Sunaimuri,
16,TRIPURA,655,Unakoti,2420,Kumarghat,,,
16,TRIPURA,655,Unakoti,2422,Pecharthal,272676,Baghaichhera,
16,TRIPURA,655,Unakoti,2422,Pecharthal,272673,Birchandranagar,
16,TRIPURA,655,Unakoti,2422,Pecharthal,272683,Dakshin Machhmara,
16,TRIPURA,655,Unakoti,2422,Pecharthal,272679,Deo Reserve Forest,
16,TRIPURA,655,Unakoti,2422,Pecharthal,272682,Dewanbari,
16,TRIPURA,655,Unakoti,2422,Pecharthal,272678,Dhanichhera,
16,TRIPURA,655,Unakoti,2422,Pecharthal,272675,Karaichhera,
16,TRIPURA,655,Unakoti,2422,Pecharthal,272670,Lakshmanchhera,
16,TRIPURA,655,Unakoti,2422,Pecharthal,272671,Nabinchhera,
16,TRIPURA,655,Unakoti,2422,Pecharthal,272677,Nalkata,
16,TRIPURA,655,Unakoti,2422,Pecharthal,272668,Paschim Andharchhera,
16,TRIPURA,655,Unakoti,2422,Pecharthal,272672,Pecharthal,
16,TRIPURA,655,Unakoti,2422,Pecharthal,272669,Purba Andharchhera,
16,TRIPURA,655,Unakoti,2422,Pecharthal,272684,Rabiraipara,
16,TRIPURA,655,Unakoti,2422,Pecharthal,272681,Uttar Machhmara,
16,TRIPURA,655,Unakoti,2422,Pecharthal,,,
16,TRIPURA,655,Unakoti,,,,,
16,TRIPURA,272,West Tripura,6791,Bamutia,271852,Bamutia,
16,TRIPURA,272,West Tripura,6791,Bamutia,922830,Barjala,
16,TRIPURA,272,West Tripura,6791,Bamutia,271859,Debendra Chandra Nagar,
16,TRIPURA,272,West Tripura,6791,Bamutia,271866,Gandhigram,
16,TRIPURA,272,West Tripura,6791,Bamutia,271854,Laxmilunga,
16,TRIPURA,272,West Tripura,6791,Bamutia,271864,Narsingarh,
16,TRIPURA,272,West Tripura,6791,Bamutia,271865,Singarbil,
16,TRIPURA,272,West Tripura,6792,Belbari,272010,Belbari,
16,TRIPURA,272,West Tripura,6792,Belbari,272012,Champabari,
16,TRIPURA,272,West Tripura,6792,Belbari,272011,Champaknagar,
16,TRIPURA,272,West Tripura,6792,Belbari,272009,Janmejoynagar,
16,TRIPURA,272,West Tripura,6792,Belbari,272006,Jirania,
16,TRIPURA,272,West Tripura,6792,Belbari,272008,Radhapur,
16,TRIPURA,272,West Tripura,2436,Dukli,272024,Anandanagar,
16,TRIPURA,272,West Tripura,2436,Dukli,272020,Bikramnagar,
16,TRIPURA,272,West Tripura,2436,Dukli,272023,Charipara,
16,TRIPURA,272,West Tripura,2436,Dukli,272025,Dukli,
16,TRIPURA,272,West Tripura,2436,Dukli,272018,Ishanchandranagar,
16,TRIPURA,272,West Tripura,2436,Dukli,272021,Kanchanmala,
16,TRIPURA,272,West Tripura,2436,Dukli,272027,Madhuban,
16,TRIPURA,272,West Tripura,2436,Dukli,922858,Madhupur,
16,TRIPURA,272,West Tripura,2436,Dukli,272019,Pandab Pur,
16,TRIPURA,272,West Tripura,2436,Dukli,272022,Srinagar,
16,TRIPURA,272,West Tripura,2436,Dukli,,,
16,TRIPURA,272,West Tripura,2437,Hezamara,271875,Baikunthapur,
16,TRIPURA,272,West Tripura,2437,Hezamara,271873,Baluaban,
16,TRIPURA,272,West Tripura,2437,Hezamara,271883,Barkanthalia,
16,TRIPURA,272,West Tripura,2437,Hezamara,271884,Chandpur,
16,TRIPURA,272,West Tripura,2437,Hezamara,271876,Dakshin Dasgharia,
16,TRIPURA,272,West Tripura,2437,Hezamara,271885,Domrakaridak,
16,TRIPURA,272,West Tripura,2437,Hezamara,271845,Ishanpur,
16,TRIPURA,272,West Tripura,2437,Hezamara,271878,Kamukchhera,
16,TRIPURA,272,West Tripura,2437,Hezamara,271846,Mantala,
16,TRIPURA,272,West Tripura,2437,Hezamara,271844,Meghliband,
16,TRIPURA,272,West Tripura,2437,Hezamara,271850,Noagaon,
16,TRIPURA,272,West Tripura,2437,Hezamara,271843,Paschim Simna,
16,TRIPURA,272,West Tripura,2437,Hezamara,271869,Purba Simna,
16,TRIPURA,272,West Tripura,2437,Hezamara,271871,Sankhola,
16,TRIPURA,272,West Tripura,2437,Hezamara,271877,Subalsingh,
16,TRIPURA,272,West Tripura,2437,Hezamara,271879,Surendranagar,
16,TRIPURA,272,West Tripura,2437,Hezamara,271882,Thamakari,
16,TRIPURA,272,West Tripura,2437,Hezamara,271886,Tuichhamankurai,
16,TRIPURA,272,West Tripura,2437,Hezamara,271870,Uttar Dasgharia,
16,TRIPURA,272,West Tripura,2437,Hezamara,,,
16,TRIPURA,272,West Tripura,2439,Jirania,272016,Bankimnagar,
16,TRIPURA,272,West Tripura,2439,Jirania,272006,Jirania,
16,TRIPURA,272,West Tripura,2439,Jirania,272004,Joynagar,
16,TRIPURA,272,West Tripura,2439,Jirania,930575,Lakshmipur,
16,TRIPURA,272,West Tripura,2439,Jirania,272002,Majlishpur,
16,TRIPURA,272,West Tripura,2439,Jirania,271986,Paschim Barjulai,
16,TRIPURA,272,West Tripura,2439,Jirania,272003,Purba Barjulai,
16,TRIPURA,272,West Tripura,2439,Jirania,272005,Purba Debandranagar,
16,TRIPURA,272,West Tripura,2439,Jirania,,,
16,TRIPURA,272,West Tripura,6721,Lefunga,271860,Budhjangnagar,
16,TRIPURA,272,West Tripura,6721,Lefunga,271859,Debendra Chandra Nagar,
16,TRIPURA,272,West Tripura,6721,Lefunga,271861,Tulabagan,
16,TRIPURA,272,West Tripura,6721,Lefunga,271862,Uttar Debendra Chandra Nagar,
16,TRIPURA,272,West Tripura,2443,Mandwai,271989,Ashighar,
16,TRIPURA,272,West Tripura,2443,Mandwai,271997,Atuthangbari,
16,TRIPURA,272,West Tripura,2443,Mandwai,271995,Bhrigudaspara,
16,TRIPURA,272,West Tripura,2443,Mandwai,271985,Dinabandhunagar,
16,TRIPURA,272,West Tripura,2443,Mandwai,271992,Dinakobrapara,
16,TRIPURA,272,West Tripura,2443,Mandwai,271991,Harbhang,
16,TRIPURA,272,West Tripura,2443,Mandwai,271996,Jamilongpara,
16,TRIPURA,272,West Tripura,2443,Mandwai,271987,Kathirambari,
16,TRIPURA,272,West Tripura,2443,Mandwai,271990,Khengrai,
16,TRIPURA,272,West Tripura,2443,Mandwai,930575,Lakshmipur,
16,TRIPURA,272,West Tripura,2443,Mandwai,271993,Mandainagar,
16,TRIPURA,272,West Tripura,2443,Mandwai,271988,Patnipara,
16,TRIPURA,272,West Tripura,2443,Mandwai,272003,Purba Barjulai,
16,TRIPURA,272,West Tripura,2443,Mandwai,272005,Purba Debandranagar,
16,TRIPURA,272,West Tripura,2443,Mandwai,271983,Ramchandranagar,
16,TRIPURA,272,West Tripura,2443,Mandwai,271982,Shibnagar,
16,TRIPURA,272,West Tripura,2443,Mandwai,271981,Wakkinagar,
16,TRIPURA,272,West Tripura,2443,Mandwai,,,
16,TRIPURA,272,West Tripura,2445,Mohanpur,271848,Bijoynagar,
16,TRIPURA,272,West Tripura,2445,Mohanpur,271853,Fatikchhera,
16,TRIPURA,272,West Tripura,2445,Mohanpur,271845,Ishanpur,
16,TRIPURA,272,West Tripura,2445,Mohanpur,271847,Kalachhera,
16,TRIPURA,272,West Tripura,2445,Mohanpur,271851,Kalkalia,
16,TRIPURA,272,West Tripura,2445,Mohanpur,271858,Kunjaban,
16,TRIPURA,272,West Tripura,2445,Mohanpur,271855,Lankamura,
16,TRIPURA,272,West Tripura,2445,Mohanpur,271846,Mantala,
16,TRIPURA,272,West Tripura,2445,Mohanpur,271844,Meghliband,
16,TRIPURA,272,West Tripura,2445,Mohanpur,271849,Mohanpur,
16,TRIPURA,272,West Tripura,2445,Mohanpur,271843,Paschim Simna,
16,TRIPURA,272,West Tripura,2445,Mohanpur,271856,Ramnagar,
16,TRIPURA,272,West Tripura,2445,Mohanpur,271863,Taranagar,
16,TRIPURA,272,West Tripura,2445,Mohanpur,271861,Tulabagan,
16,TRIPURA,272,West Tripura,2445,Mohanpur,,,
16,TRIPURA,272,West Tripura,6790,Old Agartala,272014,Briddhanagar,
16,TRIPURA,272,West Tripura,6790,Old Agartala,271999,Mekhlipara,
16,TRIPURA,272,West Tripura,6790,Old Agartala,272001,Purba Noagaon,
16,TRIPURA,272,West Tripura,6790,Old Agartala,272013,Radhakishorenagar,
16,TRIPURA,272,West Tripura,6790,Old Agartala,272007,Radhamohanpur,
16,TRIPURA,272,West Tripura,6790,Old Agartala,272000,Tulakuna,
16,TRIPURA,272,West Tripura,6790,Old Agartala,272015,Uttar Champamura,
16,TRIPURA,272,West Tripura,,,,,
,,,,,,,,
"Apr 1, 2022 11:14 AM",,,,,,,,
